{"max": [2.35577, 2.13197, 2.79397e-08], "centroid": [1.1538096033244383, 0.9586441377131127, -2.267731679507882], "id": "baa2f488ec67a0a7c66e38c3984e156f", "numVertices": 26437, "min": [-5.96046e-08, -5.96046e-08, -4.47587]}
