{"max": [0.464067, 1.69876, 6.01131], "centroid": [-0.6538748141508418, 0.7760832828190235, 3.2937660259533725], "id": "87020c25b9166cf11d27be7764701cfe", "numVertices": 12561, "min": [-1.76391, -0.0192609, 0.758947]}
